{
    "load_time_usage": 0.023565292358398438,
    "retrieval_time_usage": 6.180436134338379,
    "knowledge_time_usage": 5.055339336395264,
    "response_time_usage": 2.408102512359619,
    "vote_time_usage": 22.762303829193115,
    "score_time_usage": 327.1075737476349
}