{
    "load_time_usage": 0.025154590606689453,
    "retrieval_time_usage": 6.179467678070068,
    "knowledge_time_usage": 5.072357892990112,
    "response_time_usage": 2.4540696144104004,
    "vote_time_usage": 30.921934604644775,
    "score_time_usage": 318.853089094162
}