{
    "load_time_usage": 0.022298336029052734,
    "retrieval_time_usage": 6.184917449951172,
    "knowledge_time_usage": 5.0565025806427,
    "response_time_usage": 2.4224698543548584,
    "vote_time_usage": 26.535021543502808,
    "score_time_usage": 410.37859582901
}